<schemetools><global><tool command="dmake.exe" flags="45" folder="%d" index="0" name="[HPGcc] Make all " params="all" parsepattern="" shortcut="630"></tool><tool command="dmake.exe" flags="41" folder="%d" index="1" name="[HPGcc] Make clean" params="--force clean" parsepattern="" shortcut="0"></tool><tool command="dmake.exe" flags="41" folder="%d" index="2" name="[HPGcc] Make install" params="install" parsepattern="" shortcut="0"></tool><tool command="" flags="40" folder="" index="3" name="--------" params="" parsepattern="" shortcut="0"></tool></global><scheme name="cpp"><tool command="dmake" flags="105" folder="%d" index="0" name="Make this " params="%n.o" parsepattern="" shortcut="118"></tool><tool command="dmake" flags="41" folder="%d" index="1" name="Make this .hp " params="%n.hp" parsepattern="" shortcut="119"></tool><tool command="indent" flags="43" folder="%d" index="2" name="Indent " params="-orig %f" parsepattern="" shortcut="122"></tool></scheme></schemetools>